cat_url,sub_cat_url
https://www.ruten.com.tw/category/0001,https://www.ruten.com.tw/category/00010014/list
https://www.ruten.com.tw/category/0001,https://www.ruten.com.tw/category/00010006/list
https://www.ruten.com.tw/category/0001,https://www.ruten.com.tw/category/00010002/list
https://www.ruten.com.tw/category/0001,https://www.ruten.com.tw/category/00010011/list
https://www.ruten.com.tw/category/0001,https://www.ruten.com.tw/category/00010013/list
https://www.ruten.com.tw/category/0001,https://www.ruten.com.tw/category/00010005/list
https://www.ruten.com.tw/category/0001,https://www.ruten.com.tw/category/00010003/list
https://www.ruten.com.tw/category/0001,https://www.ruten.com.tw/category/00010001/list
https://www.ruten.com.tw/category/0001,https://www.ruten.com.tw/category/00010007/list
https://www.ruten.com.tw/category/0001,https://www.ruten.com.tw/category/00010012/list
https://www.ruten.com.tw/category/0002,https://www.ruten.com.tw/category/00020047/list
https://www.ruten.com.tw/category/0002,https://www.ruten.com.tw/category/00020011/list
https://www.ruten.com.tw/category/0002,https://www.ruten.com.tw/category/00020007/list
https://www.ruten.com.tw/category/0002,https://www.ruten.com.tw/category/00020036/list
https://www.ruten.com.tw/category/0002,https://www.ruten.com.tw/category/00020034/list
https://www.ruten.com.tw/category/0002,https://www.ruten.com.tw/category/00020035/list
https://www.ruten.com.tw/category/0002,https://www.ruten.com.tw/category/00020042/list
https://www.ruten.com.tw/category/0002,https://www.ruten.com.tw/category/00020021/list
https://www.ruten.com.tw/category/0002,https://www.ruten.com.tw/category/00020040/list
https://www.ruten.com.tw/category/0002,https://www.ruten.com.tw/category/00020052/list
https://www.ruten.com.tw/category/0002,https://www.ruten.com.tw/category/00020006/list
https://www.ruten.com.tw/category/0002,https://www.ruten.com.tw/category/00020037/list
https://www.ruten.com.tw/category/0002,https://www.ruten.com.tw/category/00020038/list
https://www.ruten.com.tw/category/0002,https://www.ruten.com.tw/category/00020022/list
https://www.ruten.com.tw/category/0002,https://www.ruten.com.tw/category/00020018/list
https://www.ruten.com.tw/category/0002,https://www.ruten.com.tw/category/00020013/list
https://www.ruten.com.tw/category/0002,https://www.ruten.com.tw/category/00020008/list
https://www.ruten.com.tw/category/0002,https://www.ruten.com.tw/category/00020014/list
https://www.ruten.com.tw/category/0002,https://www.ruten.com.tw/category/00020044/list
https://www.ruten.com.tw/category/0002,https://www.ruten.com.tw/category/00020041/list
https://www.ruten.com.tw/category/0002,https://www.ruten.com.tw/category/00020033/list
https://www.ruten.com.tw/category/0002,https://www.ruten.com.tw/category/00020048/list
https://www.ruten.com.tw/category/0002,https://www.ruten.com.tw/category/00020030/list
https://www.ruten.com.tw/category/0002,https://www.ruten.com.tw/category/00020019/list
https://www.ruten.com.tw/category/0002,https://www.ruten.com.tw/category/00020020/list
https://www.ruten.com.tw/category/0002,https://www.ruten.com.tw/category/00020049/list
https://www.ruten.com.tw/category/0002,https://www.ruten.com.tw/category/00020005/list
https://www.ruten.com.tw/category/0002,https://www.ruten.com.tw/category/00020010/list
https://www.ruten.com.tw/category/0002,https://www.ruten.com.tw/category/00020045/list
https://www.ruten.com.tw/category/0002,https://www.ruten.com.tw/category/00020001/list
https://www.ruten.com.tw/category/0002,https://www.ruten.com.tw/category/00020053/list
https://www.ruten.com.tw/category/0002,https://www.ruten.com.tw/category/00020031/list
https://www.ruten.com.tw/category/0002,https://www.ruten.com.tw/category/00020032/list
https://www.ruten.com.tw/category/0002,https://www.ruten.com.tw/category/00020050/list
https://www.ruten.com.tw/category/0002,https://www.ruten.com.tw/category/00020012/list
https://www.ruten.com.tw/category/0002,https://www.ruten.com.tw/category/00020025/list
https://www.ruten.com.tw/category/0002,https://www.ruten.com.tw/category/00020051/list
https://www.ruten.com.tw/category/0002,https://www.ruten.com.tw/category/00020043/list
https://www.ruten.com.tw/category/0002,https://www.ruten.com.tw/category/00020039/list
https://www.ruten.com.tw/category/0002,https://www.ruten.com.tw/category/00020046/list
https://www.ruten.com.tw/category/0003,https://www.ruten.com.tw/category/00030016/list
https://www.ruten.com.tw/category/0003,https://www.ruten.com.tw/category/00030017/list
https://www.ruten.com.tw/category/0003,https://www.ruten.com.tw/category/00030011/list
https://www.ruten.com.tw/category/0003,https://www.ruten.com.tw/category/00030003/list
https://www.ruten.com.tw/category/0003,https://www.ruten.com.tw/category/00030015/list
https://www.ruten.com.tw/category/0003,https://www.ruten.com.tw/category/00030006/list
https://www.ruten.com.tw/category/0003,https://www.ruten.com.tw/category/00030013/list
https://www.ruten.com.tw/category/0003,https://www.ruten.com.tw/category/00030012/list
https://www.ruten.com.tw/category/0003,https://www.ruten.com.tw/category/00030004/list
https://www.ruten.com.tw/category/0004,https://www.ruten.com.tw/category/00040017/list
https://www.ruten.com.tw/category/0004,https://www.ruten.com.tw/category/00040011/list
https://www.ruten.com.tw/category/0004,https://www.ruten.com.tw/category/00040012/list
https://www.ruten.com.tw/category/0004,https://www.ruten.com.tw/category/00040004/list
https://www.ruten.com.tw/category/0004,https://www.ruten.com.tw/category/00040005/list
https://www.ruten.com.tw/category/0004,https://www.ruten.com.tw/category/00040007/list
https://www.ruten.com.tw/category/0004,https://www.ruten.com.tw/category/00040016/list
https://www.ruten.com.tw/category/0004,https://www.ruten.com.tw/category/00040014/list
https://www.ruten.com.tw/category/0004,https://www.ruten.com.tw/category/00040001/list
https://www.ruten.com.tw/category/0004,https://www.ruten.com.tw/category/00040002/list
https://www.ruten.com.tw/category/0004,https://www.ruten.com.tw/category/00040006/list
https://www.ruten.com.tw/category/0004,https://www.ruten.com.tw/category/00040010/list
https://www.ruten.com.tw/category/0004,https://www.ruten.com.tw/category/00040003/list
https://www.ruten.com.tw/category/0004,https://www.ruten.com.tw/category/00040009/list
https://www.ruten.com.tw/category/0004,https://www.ruten.com.tw/category/00040018/list
https://www.ruten.com.tw/category/0004,https://www.ruten.com.tw/category/00040008/list
https://www.ruten.com.tw/category/0004,https://www.ruten.com.tw/category/00040015/list
https://www.ruten.com.tw/category/0005,https://www.ruten.com.tw/category/00050015/list
https://www.ruten.com.tw/category/0005,https://www.ruten.com.tw/category/00050013/list
https://www.ruten.com.tw/category/0005,https://www.ruten.com.tw/category/000500070006/list
https://www.ruten.com.tw/category/0005,https://www.ruten.com.tw/category/00050007/list
https://www.ruten.com.tw/category/0005,https://www.ruten.com.tw/category/00050027/list
https://www.ruten.com.tw/category/0005,https://www.ruten.com.tw/category/00050001/list
https://www.ruten.com.tw/category/0005,https://www.ruten.com.tw/category/00050012/list
https://www.ruten.com.tw/category/0005,https://www.ruten.com.tw/category/00050003/list
https://www.ruten.com.tw/category/0005,https://www.ruten.com.tw/category/00050002/list
https://www.ruten.com.tw/category/0005,https://www.ruten.com.tw/category/00050014/list
https://www.ruten.com.tw/category/0005,https://www.ruten.com.tw/category/00050025/list
https://www.ruten.com.tw/category/0005,https://www.ruten.com.tw/category/00050008/list
https://www.ruten.com.tw/category/0005,https://www.ruten.com.tw/category/00050017/list
https://www.ruten.com.tw/category/0005,https://www.ruten.com.tw/category/00050018/list
https://www.ruten.com.tw/category/0005,https://www.ruten.com.tw/category/00050024/list
https://www.ruten.com.tw/category/0005,https://www.ruten.com.tw/category/00050016/list
https://www.ruten.com.tw/category/0005,https://www.ruten.com.tw/category/00050011/list
https://www.ruten.com.tw/category/0005,https://www.ruten.com.tw/category/00050009/list
https://www.ruten.com.tw/category/0005,https://www.ruten.com.tw/category/00050004/list
https://www.ruten.com.tw/category/0005,https://www.ruten.com.tw/category/00050019/list
https://www.ruten.com.tw/category/0005,https://www.ruten.com.tw/category/00050020/list
https://www.ruten.com.tw/category/0005,https://www.ruten.com.tw/category/000500030007/list
https://www.ruten.com.tw/category/0006,https://www.ruten.com.tw/category/00060034/list
https://www.ruten.com.tw/category/0006,https://www.ruten.com.tw/category/00060003/list
https://www.ruten.com.tw/category/0006,https://www.ruten.com.tw/category/00060026/list
https://www.ruten.com.tw/category/0006,https://www.ruten.com.tw/category/00060014/list
https://www.ruten.com.tw/category/0006,https://www.ruten.com.tw/category/00060031/list
https://www.ruten.com.tw/category/0006,https://www.ruten.com.tw/category/00060011/list
https://www.ruten.com.tw/category/0006,https://www.ruten.com.tw/category/00060002/list
https://www.ruten.com.tw/category/0006,https://www.ruten.com.tw/category/00060018/list
https://www.ruten.com.tw/category/0006,https://www.ruten.com.tw/category/00060001/list
https://www.ruten.com.tw/category/0006,https://www.ruten.com.tw/category/00060010/list
https://www.ruten.com.tw/category/0006,https://www.ruten.com.tw/category/00060027/list
https://www.ruten.com.tw/category/0006,https://www.ruten.com.tw/category/00060033/list
https://www.ruten.com.tw/category/0006,https://www.ruten.com.tw/category/00060006/list
https://www.ruten.com.tw/category/0006,https://www.ruten.com.tw/category/00060007/list
https://www.ruten.com.tw/category/0006,https://www.ruten.com.tw/category/00060013/list
https://www.ruten.com.tw/category/0006,https://www.ruten.com.tw/category/00060032/list
https://www.ruten.com.tw/category/0006,https://www.ruten.com.tw/category/00060012/list
https://www.ruten.com.tw/category/0006,https://www.ruten.com.tw/category/00060016/list
https://www.ruten.com.tw/category/0006,https://www.ruten.com.tw/category/00060021/list
https://www.ruten.com.tw/category/0006,https://www.ruten.com.tw/category/00060017/list
https://www.ruten.com.tw/category/0006,https://www.ruten.com.tw/category/00060009/list
https://www.ruten.com.tw/category/0006,https://www.ruten.com.tw/category/00060024/list
https://www.ruten.com.tw/category/0006,https://www.ruten.com.tw/category/00060020/list
https://www.ruten.com.tw/category/0006,https://www.ruten.com.tw/category/00060030/list
https://www.ruten.com.tw/category/0006,https://www.ruten.com.tw/category/00060008/list
https://www.ruten.com.tw/category/0006,https://www.ruten.com.tw/category/00060022/list
https://www.ruten.com.tw/category/0006,https://www.ruten.com.tw/category/00060019/list
https://www.ruten.com.tw/category/0006,https://www.ruten.com.tw/category/00060023/list
https://www.ruten.com.tw/category/0006,https://www.ruten.com.tw/category/00060029/list
https://www.ruten.com.tw/category/0006,https://www.ruten.com.tw/category/00060015/list
https://www.ruten.com.tw/category/0006,https://www.ruten.com.tw/category/00060025/list
https://www.ruten.com.tw/category/0006,https://www.ruten.com.tw/category/00060028/list
https://www.ruten.com.tw/category/0007,https://www.ruten.com.tw/category/00070021/list
https://www.ruten.com.tw/category/0007,https://www.ruten.com.tw/category/00070018/list
https://www.ruten.com.tw/category/0007,https://www.ruten.com.tw/category/00070023/list
https://www.ruten.com.tw/category/0007,https://www.ruten.com.tw/category/00070026/list
https://www.ruten.com.tw/category/0007,https://www.ruten.com.tw/category/00070011/list
https://www.ruten.com.tw/category/0007,https://www.ruten.com.tw/category/00070010/list
https://www.ruten.com.tw/category/0007,https://www.ruten.com.tw/category/00070013/list
https://www.ruten.com.tw/category/0007,https://www.ruten.com.tw/category/00070019/list
https://www.ruten.com.tw/category/0007,https://www.ruten.com.tw/category/00070024/list
https://www.ruten.com.tw/category/0007,https://www.ruten.com.tw/category/00070027/list
https://www.ruten.com.tw/category/0007,https://www.ruten.com.tw/category/00070022/list
https://www.ruten.com.tw/category/0007,https://www.ruten.com.tw/category/00070012/list
https://www.ruten.com.tw/category/0007,https://www.ruten.com.tw/category/00070025/list
https://www.ruten.com.tw/category/0007,https://www.ruten.com.tw/category/00070020/list
https://www.ruten.com.tw/category/0007,https://www.ruten.com.tw/category/00070008/list
https://www.ruten.com.tw/category/0008,https://www.ruten.com.tw/category/00080007/list
https://www.ruten.com.tw/category/0008,https://www.ruten.com.tw/category/00080018/list
https://www.ruten.com.tw/category/0008,https://www.ruten.com.tw/category/000800050023/list
https://www.ruten.com.tw/category/0008,https://www.ruten.com.tw/category/00080001/list
https://www.ruten.com.tw/category/0008,https://www.ruten.com.tw/category/00080027/list
https://www.ruten.com.tw/category/0008,https://www.ruten.com.tw/category/00080008/list
https://www.ruten.com.tw/category/0008,https://www.ruten.com.tw/category/00080023/list
https://www.ruten.com.tw/category/0008,https://www.ruten.com.tw/category/00080019/list
https://www.ruten.com.tw/category/0008,https://www.ruten.com.tw/category/00080009/list
https://www.ruten.com.tw/category/0008,https://www.ruten.com.tw/category/00080020/list
https://www.ruten.com.tw/category/0008,https://www.ruten.com.tw/category/00080002/list
https://www.ruten.com.tw/category/0008,https://www.ruten.com.tw/category/00080021/list
https://www.ruten.com.tw/category/0008,https://www.ruten.com.tw/category/00080024/list
https://www.ruten.com.tw/category/0008,https://www.ruten.com.tw/category/00080006/list
https://www.ruten.com.tw/category/0008,https://www.ruten.com.tw/category/00080003/list
https://www.ruten.com.tw/category/0008,https://www.ruten.com.tw/category/00080005/list
https://www.ruten.com.tw/category/0008,https://www.ruten.com.tw/category/00080022/list
https://www.ruten.com.tw/category/0008,https://www.ruten.com.tw/category/00080026/list
https://www.ruten.com.tw/category/0008,https://www.ruten.com.tw/category/00080025/list
https://www.ruten.com.tw/category/0008,https://www.ruten.com.tw/category/00080017/list
https://www.ruten.com.tw/category/0009,https://www.ruten.com.tw/category/00090015/list
https://www.ruten.com.tw/category/0009,https://www.ruten.com.tw/category/00090018/list
https://www.ruten.com.tw/category/0009,https://www.ruten.com.tw/category/00090004/list
https://www.ruten.com.tw/category/0009,https://www.ruten.com.tw/category/00090014/list
https://www.ruten.com.tw/category/0009,https://www.ruten.com.tw/category/00090019/list
https://www.ruten.com.tw/category/0009,https://www.ruten.com.tw/category/00090022/list
https://www.ruten.com.tw/category/0009,https://www.ruten.com.tw/category/00090007/list
https://www.ruten.com.tw/category/0009,https://www.ruten.com.tw/category/00090001/list
https://www.ruten.com.tw/category/0009,https://www.ruten.com.tw/category/00090020/list
https://www.ruten.com.tw/category/0009,https://www.ruten.com.tw/category/00090005/list
https://www.ruten.com.tw/category/0009,https://www.ruten.com.tw/category/00090021/list
https://www.ruten.com.tw/category/0009,https://www.ruten.com.tw/category/00090013/list
https://www.ruten.com.tw/category/0009,https://www.ruten.com.tw/category/00090009/list
https://www.ruten.com.tw/category/0009,https://www.ruten.com.tw/category/00090016/list
https://www.ruten.com.tw/category/0010,https://www.ruten.com.tw/category/00100001/list
https://www.ruten.com.tw/category/0010,https://www.ruten.com.tw/category/00100015/list
https://www.ruten.com.tw/category/0010,https://www.ruten.com.tw/category/00100012/list
https://www.ruten.com.tw/category/0010,https://www.ruten.com.tw/category/00100014/list
https://www.ruten.com.tw/category/0010,https://www.ruten.com.tw/category/00100007/list
https://www.ruten.com.tw/category/0010,https://www.ruten.com.tw/category/00100011/list
https://www.ruten.com.tw/category/0010,https://www.ruten.com.tw/category/00100010/list
https://www.ruten.com.tw/category/0010,https://www.ruten.com.tw/category/00100017/list
https://www.ruten.com.tw/category/0010,https://www.ruten.com.tw/category/00100006/list
https://www.ruten.com.tw/category/0010,https://www.ruten.com.tw/category/00100013/list
https://www.ruten.com.tw/category/0010,https://www.ruten.com.tw/category/00100009/list
https://www.ruten.com.tw/category/0010,https://www.ruten.com.tw/category/00100004/list
https://www.ruten.com.tw/category/0010,https://www.ruten.com.tw/category/00100016/list
https://www.ruten.com.tw/category/0010,https://www.ruten.com.tw/category/00100008/list
https://www.ruten.com.tw/category/0010,https://www.ruten.com.tw/category/00100002/list
https://www.ruten.com.tw/category/0010,https://www.ruten.com.tw/category/00100003/list
https://www.ruten.com.tw/category/0011,https://www.ruten.com.tw/category/00110015/list
https://www.ruten.com.tw/category/0011,https://www.ruten.com.tw/category/00110005/list
https://www.ruten.com.tw/category/0011,https://www.ruten.com.tw/category/00110006/list
https://www.ruten.com.tw/category/0011,https://www.ruten.com.tw/category/00110013/list
https://www.ruten.com.tw/category/0011,https://www.ruten.com.tw/category/00110009/list
https://www.ruten.com.tw/category/0011,https://www.ruten.com.tw/category/00110001/list
https://www.ruten.com.tw/category/0011,https://www.ruten.com.tw/category/00110018/list
https://www.ruten.com.tw/category/0011,https://www.ruten.com.tw/category/00110020/list
https://www.ruten.com.tw/category/0011,https://www.ruten.com.tw/category/00110016/list
https://www.ruten.com.tw/category/0011,https://www.ruten.com.tw/category/00110017/list
https://www.ruten.com.tw/category/0011,https://www.ruten.com.tw/category/00110024/list
https://www.ruten.com.tw/category/0011,https://www.ruten.com.tw/category/00110021/list
https://www.ruten.com.tw/category/0011,https://www.ruten.com.tw/category/00110008/list
https://www.ruten.com.tw/category/0011,https://www.ruten.com.tw/category/00110004/list
https://www.ruten.com.tw/category/0011,https://www.ruten.com.tw/category/00110022/list
https://www.ruten.com.tw/category/0011,https://www.ruten.com.tw/category/00110002/list
https://www.ruten.com.tw/category/0011,https://www.ruten.com.tw/category/00110003/list
https://www.ruten.com.tw/category/0011,https://www.ruten.com.tw/category/00110007/list
https://www.ruten.com.tw/category/0011,https://www.ruten.com.tw/category/00110019/list
https://www.ruten.com.tw/category/0011,https://www.ruten.com.tw/category/00110023/list
https://www.ruten.com.tw/category/0011,https://www.ruten.com.tw/category/00110014/list
https://www.ruten.com.tw/category/0012,https://www.ruten.com.tw/category/00120008/list
https://www.ruten.com.tw/category/0012,https://www.ruten.com.tw/category/00120012/list
https://www.ruten.com.tw/category/0012,https://www.ruten.com.tw/category/00120021/list
https://www.ruten.com.tw/category/0012,https://www.ruten.com.tw/category/00120022/list
https://www.ruten.com.tw/category/0012,https://www.ruten.com.tw/category/00120002/list
https://www.ruten.com.tw/category/0012,https://www.ruten.com.tw/category/00120005/list
https://www.ruten.com.tw/category/0012,https://www.ruten.com.tw/category/00120003/list
https://www.ruten.com.tw/category/0012,https://www.ruten.com.tw/category/00120010/list
https://www.ruten.com.tw/category/0012,https://www.ruten.com.tw/category/00120015/list
https://www.ruten.com.tw/category/0012,https://www.ruten.com.tw/category/00120007/list
https://www.ruten.com.tw/category/0012,https://www.ruten.com.tw/category/00120019/list
https://www.ruten.com.tw/category/0012,https://www.ruten.com.tw/category/00120020/list
https://www.ruten.com.tw/category/0012,https://www.ruten.com.tw/category/00120006/list
https://www.ruten.com.tw/category/0012,https://www.ruten.com.tw/category/00120001/list
https://www.ruten.com.tw/category/0012,https://www.ruten.com.tw/category/00120016/list
https://www.ruten.com.tw/category/0012,https://www.ruten.com.tw/category/00120004/list
https://www.ruten.com.tw/category/0012,https://www.ruten.com.tw/category/00120017/list
https://www.ruten.com.tw/category/0012,https://www.ruten.com.tw/category/00120018/list
https://www.ruten.com.tw/category/0013,https://www.ruten.com.tw/category/00130019/list
https://www.ruten.com.tw/category/0013,https://www.ruten.com.tw/category/00130028/list
https://www.ruten.com.tw/category/0013,https://www.ruten.com.tw/category/00130008/list
https://www.ruten.com.tw/category/0013,https://www.ruten.com.tw/category/00130016/list
https://www.ruten.com.tw/category/0013,https://www.ruten.com.tw/category/00130011/list
https://www.ruten.com.tw/category/0013,https://www.ruten.com.tw/category/00130032/list
https://www.ruten.com.tw/category/0013,https://www.ruten.com.tw/category/00130017/list
https://www.ruten.com.tw/category/0013,https://www.ruten.com.tw/category/00130014/list
https://www.ruten.com.tw/category/0013,https://www.ruten.com.tw/category/00130018/list
https://www.ruten.com.tw/category/0013,https://www.ruten.com.tw/category/00130015/list
https://www.ruten.com.tw/category/0013,https://www.ruten.com.tw/category/00130024/list
https://www.ruten.com.tw/category/0013,https://www.ruten.com.tw/category/00130023/list
https://www.ruten.com.tw/category/0013,https://www.ruten.com.tw/category/00130020/list
https://www.ruten.com.tw/category/0013,https://www.ruten.com.tw/category/00130029/list
https://www.ruten.com.tw/category/0013,https://www.ruten.com.tw/category/00130012/list
https://www.ruten.com.tw/category/0013,https://www.ruten.com.tw/category/00130006/list
https://www.ruten.com.tw/category/0013,https://www.ruten.com.tw/category/00130003/list
https://www.ruten.com.tw/category/0013,https://www.ruten.com.tw/category/00130033/list
https://www.ruten.com.tw/category/0013,https://www.ruten.com.tw/category/00130025/list
https://www.ruten.com.tw/category/0013,https://www.ruten.com.tw/category/00130022/list
https://www.ruten.com.tw/category/0013,https://www.ruten.com.tw/category/00130013/list
https://www.ruten.com.tw/category/0013,https://www.ruten.com.tw/category/00130034/list
https://www.ruten.com.tw/category/0013,https://www.ruten.com.tw/category/00130031/list
https://www.ruten.com.tw/category/0013,https://www.ruten.com.tw/category/00130027/list
https://www.ruten.com.tw/category/0013,https://www.ruten.com.tw/category/00130004/list
https://www.ruten.com.tw/category/0013,https://www.ruten.com.tw/category/00130035/list
https://www.ruten.com.tw/category/0014,https://www.ruten.com.tw/category/00140014/list
https://www.ruten.com.tw/category/0014,https://www.ruten.com.tw/category/00140017/list
https://www.ruten.com.tw/category/0014,https://www.ruten.com.tw/category/00140029/list
https://www.ruten.com.tw/category/0014,https://www.ruten.com.tw/category/00140002/list
https://www.ruten.com.tw/category/0014,https://www.ruten.com.tw/category/00140025/list
https://www.ruten.com.tw/category/0014,https://www.ruten.com.tw/category/00140012/list
https://www.ruten.com.tw/category/0014,https://www.ruten.com.tw/category/00140030/list
https://www.ruten.com.tw/category/0014,https://www.ruten.com.tw/category/00140020/list
https://www.ruten.com.tw/category/0014,https://www.ruten.com.tw/category/00140032/list
https://www.ruten.com.tw/category/0014,https://www.ruten.com.tw/category/00140019/list
https://www.ruten.com.tw/category/0014,https://www.ruten.com.tw/category/00140015/list
https://www.ruten.com.tw/category/0014,https://www.ruten.com.tw/category/00140003/list
https://www.ruten.com.tw/category/0014,https://www.ruten.com.tw/category/00140011/list
https://www.ruten.com.tw/category/0014,https://www.ruten.com.tw/category/00140013/list
https://www.ruten.com.tw/category/0014,https://www.ruten.com.tw/category/00140033/list
https://www.ruten.com.tw/category/0014,https://www.ruten.com.tw/category/00140016/list
https://www.ruten.com.tw/category/0014,https://www.ruten.com.tw/category/00140028/list
https://www.ruten.com.tw/category/0014,https://www.ruten.com.tw/category/00140008/list
https://www.ruten.com.tw/category/0014,https://www.ruten.com.tw/category/00140031/list
https://www.ruten.com.tw/category/0014,https://www.ruten.com.tw/category/00140010/list
https://www.ruten.com.tw/category/0015,https://www.ruten.com.tw/category/00150007/list
https://www.ruten.com.tw/category/0015,https://www.ruten.com.tw/category/00150019/list
https://www.ruten.com.tw/category/0015,https://www.ruten.com.tw/category/00150006/list
https://www.ruten.com.tw/category/0015,https://www.ruten.com.tw/category/00150008/list
https://www.ruten.com.tw/category/0015,https://www.ruten.com.tw/category/00150005/list
https://www.ruten.com.tw/category/0015,https://www.ruten.com.tw/category/00150001/list
https://www.ruten.com.tw/category/0015,https://www.ruten.com.tw/category/00150020/list
https://www.ruten.com.tw/category/0017,https://www.ruten.com.tw/category/00170020/list
https://www.ruten.com.tw/category/0017,https://www.ruten.com.tw/category/00170006/list
https://www.ruten.com.tw/category/0017,https://www.ruten.com.tw/category/00170002/list
https://www.ruten.com.tw/category/0017,https://www.ruten.com.tw/category/00170013/list
https://www.ruten.com.tw/category/0017,https://www.ruten.com.tw/category/00170012/list
https://www.ruten.com.tw/category/0017,https://www.ruten.com.tw/category/00170005/list
https://www.ruten.com.tw/category/0017,https://www.ruten.com.tw/category/00170004/list
https://www.ruten.com.tw/category/0017,https://www.ruten.com.tw/category/00170015/list
https://www.ruten.com.tw/category/0017,https://www.ruten.com.tw/category/00170021/list
https://www.ruten.com.tw/category/0017,https://www.ruten.com.tw/category/00170007/list
https://www.ruten.com.tw/category/0017,https://www.ruten.com.tw/category/00170001/list
https://www.ruten.com.tw/category/0017,https://www.ruten.com.tw/category/00170014/list
https://www.ruten.com.tw/category/0017,https://www.ruten.com.tw/category/00170008/list
https://www.ruten.com.tw/category/0017,https://www.ruten.com.tw/category/00170003/list
https://www.ruten.com.tw/category/0018,https://www.ruten.com.tw/category/00180042/list
https://www.ruten.com.tw/category/0018,https://www.ruten.com.tw/category/00180002/list
https://www.ruten.com.tw/category/0018,https://www.ruten.com.tw/category/00180012/list
https://www.ruten.com.tw/category/0018,https://www.ruten.com.tw/category/00180041/list
https://www.ruten.com.tw/category/0018,https://www.ruten.com.tw/category/00180033/list
https://www.ruten.com.tw/category/0018,https://www.ruten.com.tw/category/00180004/list
https://www.ruten.com.tw/category/0018,https://www.ruten.com.tw/category/00180001/list
https://www.ruten.com.tw/category/0018,https://www.ruten.com.tw/category/00180015/list
https://www.ruten.com.tw/category/0018,https://www.ruten.com.tw/category/00180014/list
https://www.ruten.com.tw/category/0018,https://www.ruten.com.tw/category/00180036/list
https://www.ruten.com.tw/category/0018,https://www.ruten.com.tw/category/00180035/list
https://www.ruten.com.tw/category/0018,https://www.ruten.com.tw/category/00180022/list
https://www.ruten.com.tw/category/0018,https://www.ruten.com.tw/category/00180013/list
https://www.ruten.com.tw/category/0018,https://www.ruten.com.tw/category/00180007/list
https://www.ruten.com.tw/category/0018,https://www.ruten.com.tw/category/00180040/list
https://www.ruten.com.tw/category/0018,https://www.ruten.com.tw/category/00180006/list
https://www.ruten.com.tw/category/0018,https://www.ruten.com.tw/category/00180021/list
https://www.ruten.com.tw/category/0018,https://www.ruten.com.tw/category/00180037/list
https://www.ruten.com.tw/category/0018,https://www.ruten.com.tw/category/00180018/list
https://www.ruten.com.tw/category/0018,https://www.ruten.com.tw/category/00180026/list
https://www.ruten.com.tw/category/0018,https://www.ruten.com.tw/category/00180011/list
https://www.ruten.com.tw/category/0018,https://www.ruten.com.tw/category/00180020/list
https://www.ruten.com.tw/category/0018,https://www.ruten.com.tw/category/00180008/list
https://www.ruten.com.tw/category/0018,https://www.ruten.com.tw/category/00180038/list
https://www.ruten.com.tw/category/0018,https://www.ruten.com.tw/category/00180005/list
https://www.ruten.com.tw/category/0018,https://www.ruten.com.tw/category/00180039/list
https://www.ruten.com.tw/category/0018,https://www.ruten.com.tw/category/00180017/list
https://www.ruten.com.tw/category/0018,https://www.ruten.com.tw/category/00180043/list
https://www.ruten.com.tw/category/0018,https://www.ruten.com.tw/category/00180003/list
https://www.ruten.com.tw/category/0018,https://www.ruten.com.tw/category/00180016/list
https://www.ruten.com.tw/category/0019,https://www.ruten.com.tw/category/00190007/list
https://www.ruten.com.tw/category/0019,https://www.ruten.com.tw/category/00190006/list
https://www.ruten.com.tw/category/0019,https://www.ruten.com.tw/category/00190002/list
https://www.ruten.com.tw/category/0019,https://www.ruten.com.tw/category/00190004/list
https://www.ruten.com.tw/category/0019,https://www.ruten.com.tw/category/00190008/list
https://www.ruten.com.tw/category/0019,https://www.ruten.com.tw/category/00190009/list
https://www.ruten.com.tw/category/0019,https://www.ruten.com.tw/category/00190011/list
https://www.ruten.com.tw/category/0019,https://www.ruten.com.tw/category/00190010/list
https://www.ruten.com.tw/category/0019,https://www.ruten.com.tw/category/00190001/list
https://www.ruten.com.tw/category/0019,https://www.ruten.com.tw/category/00190005/list
https://www.ruten.com.tw/category/0020,https://www.ruten.com.tw/category/00200004/list
https://www.ruten.com.tw/category/0020,https://www.ruten.com.tw/category/00200001/list
https://www.ruten.com.tw/category/0020,https://www.ruten.com.tw/category/00200005/list
https://www.ruten.com.tw/category/0020,https://www.ruten.com.tw/category/00200003/list
https://www.ruten.com.tw/category/0020,https://www.ruten.com.tw/category/00200002/list
https://www.ruten.com.tw/category/0021,https://www.ruten.com.tw/category/00210003/list
https://www.ruten.com.tw/category/0021,https://www.ruten.com.tw/category/00210012/list
https://www.ruten.com.tw/category/0021,https://www.ruten.com.tw/category/00210001/list
https://www.ruten.com.tw/category/0021,https://www.ruten.com.tw/category/00210014/list
https://www.ruten.com.tw/category/0021,https://www.ruten.com.tw/category/00210017/list
https://www.ruten.com.tw/category/0021,https://www.ruten.com.tw/category/00210023/list
https://www.ruten.com.tw/category/0021,https://www.ruten.com.tw/category/00210021/list
https://www.ruten.com.tw/category/0021,https://www.ruten.com.tw/category/00210002/list
https://www.ruten.com.tw/category/0021,https://www.ruten.com.tw/category/00210019/list
https://www.ruten.com.tw/category/0021,https://www.ruten.com.tw/category/00210018/list
https://www.ruten.com.tw/category/0021,https://www.ruten.com.tw/category/00210013/list
https://www.ruten.com.tw/category/0021,https://www.ruten.com.tw/category/00210011/list
https://www.ruten.com.tw/category/0021,https://www.ruten.com.tw/category/00210022/list
https://www.ruten.com.tw/category/0021,https://www.ruten.com.tw/category/00210010/list
https://www.ruten.com.tw/category/0021,https://www.ruten.com.tw/category/00210016/list
https://www.ruten.com.tw/category/0022,https://www.ruten.com.tw/category/00220023/list
https://www.ruten.com.tw/category/0022,https://www.ruten.com.tw/category/00220020/list
https://www.ruten.com.tw/category/0022,https://www.ruten.com.tw/category/00220013/list
https://www.ruten.com.tw/category/0022,https://www.ruten.com.tw/category/00220014/list
https://www.ruten.com.tw/category/0022,https://www.ruten.com.tw/category/00220011/list
https://www.ruten.com.tw/category/0022,https://www.ruten.com.tw/category/00220009/list
https://www.ruten.com.tw/category/0022,https://www.ruten.com.tw/category/00220025/list
https://www.ruten.com.tw/category/0022,https://www.ruten.com.tw/category/00220001/list
https://www.ruten.com.tw/category/0022,https://www.ruten.com.tw/category/00220004/list
https://www.ruten.com.tw/category/0022,https://www.ruten.com.tw/category/00220019/list
https://www.ruten.com.tw/category/0022,https://www.ruten.com.tw/category/00220016/list
https://www.ruten.com.tw/category/0022,https://www.ruten.com.tw/category/00220010/list
https://www.ruten.com.tw/category/0022,https://www.ruten.com.tw/category/00220026/list
https://www.ruten.com.tw/category/0022,https://www.ruten.com.tw/category/00220005/list
https://www.ruten.com.tw/category/0022,https://www.ruten.com.tw/category/00220018/list
https://www.ruten.com.tw/category/0022,https://www.ruten.com.tw/category/00220006/list
https://www.ruten.com.tw/category/0022,https://www.ruten.com.tw/category/00220021/list
https://www.ruten.com.tw/category/0022,https://www.ruten.com.tw/category/00220007/list
https://www.ruten.com.tw/category/0022,https://www.ruten.com.tw/category/00220022/list
https://www.ruten.com.tw/category/0022,https://www.ruten.com.tw/category/00220024/list
https://www.ruten.com.tw/category/0022,https://www.ruten.com.tw/category/00220017/list
https://www.ruten.com.tw/category/0022,https://www.ruten.com.tw/category/00220008/list
https://www.ruten.com.tw/category/0022,https://www.ruten.com.tw/category/00220002/list
https://www.ruten.com.tw/category/0022,https://www.ruten.com.tw/category/00220012/list
https://www.ruten.com.tw/category/0022,https://www.ruten.com.tw/category/00220003/list
https://www.ruten.com.tw/category/0022,https://www.ruten.com.tw/category/00220015/list
https://www.ruten.com.tw/category/0023,https://www.ruten.com.tw/category/00230037/list
https://www.ruten.com.tw/category/0023,https://www.ruten.com.tw/category/00230018/list
https://www.ruten.com.tw/category/0023,https://www.ruten.com.tw/category/00230001/list
https://www.ruten.com.tw/category/0023,https://www.ruten.com.tw/category/00230040/list
https://www.ruten.com.tw/category/0023,https://www.ruten.com.tw/category/00230029/list
https://www.ruten.com.tw/category/0023,https://www.ruten.com.tw/category/00230039/list
https://www.ruten.com.tw/category/0023,https://www.ruten.com.tw/category/00230025/list
https://www.ruten.com.tw/category/0023,https://www.ruten.com.tw/category/00230019/list
https://www.ruten.com.tw/category/0023,https://www.ruten.com.tw/category/002300140001/list
https://www.ruten.com.tw/category/0023,https://www.ruten.com.tw/category/00230006/list
https://www.ruten.com.tw/category/0023,https://www.ruten.com.tw/category/002300180010/list
https://www.ruten.com.tw/category/0023,https://www.ruten.com.tw/category/00230014/list
https://www.ruten.com.tw/category/0023,https://www.ruten.com.tw/category/00230038/list
https://www.ruten.com.tw/category/0023,https://www.ruten.com.tw/category/002300090001/list
https://www.ruten.com.tw/category/0023,https://www.ruten.com.tw/category/00230012/list
https://www.ruten.com.tw/category/0023,https://www.ruten.com.tw/category/00230026/list
https://www.ruten.com.tw/category/0023,https://www.ruten.com.tw/category/00230013/list
https://www.ruten.com.tw/category/0023,https://www.ruten.com.tw/category/00230027/list
https://www.ruten.com.tw/category/0023,https://www.ruten.com.tw/category/00230035/list
https://www.ruten.com.tw/category/0023,https://www.ruten.com.tw/category/00230010/list
https://www.ruten.com.tw/category/0023,https://www.ruten.com.tw/category/00230030/list
https://www.ruten.com.tw/category/0023,https://www.ruten.com.tw/category/00230003/list
https://www.ruten.com.tw/category/0023,https://www.ruten.com.tw/category/002300030001/list
https://www.ruten.com.tw/category/0023,https://www.ruten.com.tw/category/00230028/list
https://www.ruten.com.tw/category/0023,https://www.ruten.com.tw/category/00230023/list
https://www.ruten.com.tw/category/0023,https://www.ruten.com.tw/category/002300180002/list
https://www.ruten.com.tw/category/0023,https://www.ruten.com.tw/category/00230024/list
https://www.ruten.com.tw/category/0023,https://www.ruten.com.tw/category/00230036/list
https://www.ruten.com.tw/category/0023,https://www.ruten.com.tw/category/00230009/list
https://www.ruten.com.tw/category/0024,https://www.ruten.com.tw/category/00240006/list
https://www.ruten.com.tw/category/0024,https://www.ruten.com.tw/category/00240001/list
https://www.ruten.com.tw/category/0024,https://www.ruten.com.tw/category/00240002/list
https://www.ruten.com.tw/category/0024,https://www.ruten.com.tw/category/00240021/list
https://www.ruten.com.tw/category/0024,https://www.ruten.com.tw/category/00240005/list
https://www.ruten.com.tw/category/0024,https://www.ruten.com.tw/category/00240009/list
https://www.ruten.com.tw/category/0024,https://www.ruten.com.tw/category/00240008/list
https://www.ruten.com.tw/category/0024,https://www.ruten.com.tw/category/00240003/list
https://www.ruten.com.tw/category/0024,https://www.ruten.com.tw/category/00240029/list
https://www.ruten.com.tw/category/0024,https://www.ruten.com.tw/category/00240031/list
https://www.ruten.com.tw/category/0024,https://www.ruten.com.tw/category/00240023/list
https://www.ruten.com.tw/category/0024,https://www.ruten.com.tw/category/00240030/list
https://www.ruten.com.tw/category/0024,https://www.ruten.com.tw/category/00240004/list
https://www.ruten.com.tw/category/0024,https://www.ruten.com.tw/category/00240020/list
https://www.ruten.com.tw/category/0024,https://www.ruten.com.tw/category/00240034/list
https://www.ruten.com.tw/category/0024,https://www.ruten.com.tw/category/00240016/list
https://www.ruten.com.tw/category/0024,https://www.ruten.com.tw/category/00240032/list
https://www.ruten.com.tw/category/0024,https://www.ruten.com.tw/category/00240015/list
https://www.ruten.com.tw/category/0024,https://www.ruten.com.tw/category/00240033/list
https://www.ruten.com.tw/category/0024,https://www.ruten.com.tw/category/00240017/list
https://www.ruten.com.tw/category/0024,https://www.ruten.com.tw/category/00240019/list
https://www.ruten.com.tw/category/0024,https://www.ruten.com.tw/category/00240018/list
https://www.ruten.com.tw/category/0024,https://www.ruten.com.tw/category/00240007/list
https://www.ruten.com.tw/category/0024,https://www.ruten.com.tw/category/00240022/list
https://www.ruten.com.tw/category/0024,https://www.ruten.com.tw/category/00240012/list
